--
-- PostgreSQL database dump
--

-- Dumped from database version 16.3
-- Dumped by pg_dump version 16.3

SET statement_timeout = 0;
SET lock_timeout = 0;
SET idle_in_transaction_session_timeout = 0;
SET client_encoding = 'UTF8';
SET standard_conforming_strings = on;
SELECT pg_catalog.set_config('search_path', '', false);
SET check_function_bodies = false;
SET xmloption = content;
SET client_min_messages = warning;
SET row_security = off;

SET default_tablespace = '';

SET default_table_access_method = heap;

--
-- Name: crawds_from_shopping_map; Type: TABLE; Schema: public; Owner: test
--

CREATE TABLE public.crawds_from_shopping_map (
    day text,
    hour text,
    color text,
    val double precision
);


ALTER TABLE public.crawds_from_shopping_map OWNER TO test;

--
-- Name: crawds_time_series_forecast; Type: TABLE; Schema: public; Owner: test
--

CREATE TABLE public.crawds_time_series_forecast (
    google_place_id text,
    restaurant_name text,
    date text,
    hour double precision,
    crawded_indicator double precision,
    weather_text text,
    weather_icon text,
    weather_code double precision,
    temperature double precision,
    event_ariake_arena double precision,
    hour_by_event_start_ariake_arena double precision,
    number_of_people_ariake_arena double precision,
    max_price_ariake_arena double precision,
    min_price_ariake_arena double precision,
    music_event_ariake_arena double precision,
    sport_event_ariake_arena double precision,
    theater_event_ariake_arena double precision,
    business_event_ariake_arena double precision,
    for_young_event_ariake_arena double precision,
    for_family_event_ariake_arena double precision,
    for_woman_event_ariake_arena double precision
);


ALTER TABLE public.crawds_time_series_forecast OWNER TO test;

--
-- Name: crawds_time_series_forecast_mock; Type: TABLE; Schema: public; Owner: test
--

CREATE TABLE public.crawds_time_series_forecast_mock (
    id integer NOT NULL,
    google_place_id text,
    restaurant_name text,
    date text,
    hour integer,
    crawds_indicator double precision,
    weather_text text,
    weather_icon text,
    weather_code text,
    temperature double precision,
    event_ariake_arena integer,
    hour_by_event_start_ariake_arena integer,
    number_of_people_ariake_arena integer,
    max_price_ariake_arena integer,
    min_price_ariake_arena text,
    music_event_ariake_arena integer,
    sport_event_ariake_arena integer,
    theater_event_ariake_arena integer,
    business_event_ariake_arena integer,
    for_young_event_ariake_arena integer,
    for_family_event_ariake_arena integer,
    for_woman_event_ariake_arena integer
);


ALTER TABLE public.crawds_time_series_forecast_mock OWNER TO test;

--
-- Name: crawds_time_series_forecast_mock_id_seq; Type: SEQUENCE; Schema: public; Owner: test
--

CREATE SEQUENCE public.crawds_time_series_forecast_mock_id_seq
    AS integer
    START WITH 1
    INCREMENT BY 1
    NO MINVALUE
    NO MAXVALUE
    CACHE 1;


ALTER SEQUENCE public.crawds_time_series_forecast_mock_id_seq OWNER TO test;

--
-- Name: crawds_time_series_forecast_mock_id_seq; Type: SEQUENCE OWNED BY; Schema: public; Owner: test
--

ALTER SEQUENCE public.crawds_time_series_forecast_mock_id_seq OWNED BY public.crawds_time_series_forecast_mock.id;


--
-- Name: crawds_time_series_history; Type: TABLE; Schema: public; Owner: test
--

CREATE TABLE public.crawds_time_series_history (
    google_place_id text,
    restaurant_name text,
    date text,
    hour double precision,
    crawded_indicator double precision,
    weather_text text,
    weather_icon text,
    weather_code double precision,
    temperature double precision,
    event_ariake_arena double precision,
    hour_by_event_start_ariake_arena double precision,
    number_of_people_ariake_arena double precision,
    max_price_ariake_arena double precision,
    min_price_ariake_arena double precision,
    music_event_ariake_arena double precision,
    sport_event_ariake_arena double precision,
    theater_event_ariake_arena double precision,
    business_event_ariake_arena double precision,
    for_young_event_ariake_arena double precision,
    for_family_event_ariake_arena double precision,
    for_woman_event_ariake_arena double precision
);


ALTER TABLE public.crawds_time_series_history OWNER TO test;

--
-- Name: crawds_time_series_history_mock; Type: TABLE; Schema: public; Owner: test
--

CREATE TABLE public.crawds_time_series_history_mock (
    id integer NOT NULL,
    google_place_id text,
    restaurant_name text,
    date text,
    hour integer,
    crawds_indicator double precision,
    weather_text text,
    weather_icon text,
    weather_code text,
    temperature double precision,
    event_ariake_arena integer,
    hour_by_event_start_ariake_arena integer,
    number_of_people_ariake_arena integer,
    max_price_ariake_arena integer,
    min_price_ariake_arena text,
    music_event_ariake_arena integer,
    sport_event_ariake_arena integer,
    theater_event_ariake_arena integer,
    business_event_ariake_arena integer,
    for_young_event_ariake_arena integer,
    for_family_event_ariake_arena integer,
    for_woman_event_ariake_arena integer
);


ALTER TABLE public.crawds_time_series_history_mock OWNER TO test;

--
-- Name: crawds_time_series_history_mock_id_seq; Type: SEQUENCE; Schema: public; Owner: test
--

CREATE SEQUENCE public.crawds_time_series_history_mock_id_seq
    AS integer
    START WITH 1
    INCREMENT BY 1
    NO MINVALUE
    NO MAXVALUE
    CACHE 1;


ALTER SEQUENCE public.crawds_time_series_history_mock_id_seq OWNER TO test;

--
-- Name: crawds_time_series_history_mock_id_seq; Type: SEQUENCE OWNED BY; Schema: public; Owner: test
--

ALTER SEQUENCE public.crawds_time_series_history_mock_id_seq OWNED BY public.crawds_time_series_history_mock.id;


--
-- Name: event_details; Type: TABLE; Schema: public; Owner: test
--

CREATE TABLE public.event_details (
    id integer NOT NULL,
    name text,
    sub_title text,
    place text,
    actor text,
    date text,
    open_time text,
    start_time text,
    close_time text,
    time_original text,
    max_price bigint,
    min_price bigint,
    price_text text,
    link text,
    inquiry text,
    detail text,
    num_of_people bigint,
    input_table text,
    input_table_rec_id bigint
);


ALTER TABLE public.event_details OWNER TO test;

--
-- Name: event_details_id_seq; Type: SEQUENCE; Schema: public; Owner: test
--

CREATE SEQUENCE public.event_details_id_seq
    AS integer
    START WITH 1
    INCREMENT BY 1
    NO MINVALUE
    NO MAXVALUE
    CACHE 1;


ALTER SEQUENCE public.event_details_id_seq OWNER TO test;

--
-- Name: event_details_id_seq; Type: SEQUENCE OWNED BY; Schema: public; Owner: test
--

ALTER SEQUENCE public.event_details_id_seq OWNED BY public.event_details.id;


--
-- Name: news; Type: TABLE; Schema: public; Owner: postgres
--

CREATE TABLE public.news (
    id integer NOT NULL,
    place text,
    date text,
    news text,
    link text
);


ALTER TABLE public.news OWNER TO postgres;

--
-- Name: news_id_seq; Type: SEQUENCE; Schema: public; Owner: postgres
--

CREATE SEQUENCE public.news_id_seq
    AS integer
    START WITH 1
    INCREMENT BY 1
    NO MINVALUE
    NO MAXVALUE
    CACHE 1;


ALTER SEQUENCE public.news_id_seq OWNER TO postgres;

--
-- Name: news_id_seq; Type: SEQUENCE OWNED BY; Schema: public; Owner: postgres
--

ALTER SEQUENCE public.news_id_seq OWNED BY public.news.id;


--
-- Name: place_location; Type: TABLE; Schema: public; Owner: test
--

CREATE TABLE public.place_location (
    id integer NOT NULL,
    name character varying(255),
    category character varying(50),
    google_place_id character varying(50),
    latitude numeric(9,7),
    longitude numeric(10,7),
    list_table character varying(100),
    detail_table character varying(100)
);


ALTER TABLE public.place_location OWNER TO test;

--
-- Name: place_location_id_seq; Type: SEQUENCE; Schema: public; Owner: test
--

CREATE SEQUENCE public.place_location_id_seq
    AS integer
    START WITH 1
    INCREMENT BY 1
    NO MINVALUE
    NO MAXVALUE
    CACHE 1;


ALTER SEQUENCE public.place_location_id_seq OWNER TO test;

--
-- Name: place_location_id_seq; Type: SEQUENCE OWNED BY; Schema: public; Owner: test
--

ALTER SEQUENCE public.place_location_id_seq OWNED BY public.place_location.id;


--
-- Name: restaurant_details; Type: TABLE; Schema: public; Owner: test
--

CREATE TABLE public.restaurant_details (
    google_place_id text,
    name text,
    location_name text,
    description text,
    rating double precision,
    price_level double precision,
    latitude double precision,
    longitude double precision,
    address text,
    phone_number text,
    day0_opentime text,
    day0_closetime text,
    day1_opentime text,
    day1_closetime text,
    day2_opentime text,
    day2_closetime text,
    day3_opentime text,
    day3_closetime text,
    day4_opentime text,
    day4_closetime text,
    day5_opentime text,
    day5_closetime text,
    day6_opentime text,
    day6_closetime text
);


ALTER TABLE public.restaurant_details OWNER TO test;

--
-- Name: restaurant_popularities; Type: TABLE; Schema: public; Owner: test
--

CREATE TABLE public.restaurant_popularities (
    google_place_id text,
    location_name text,
    restaurant_name text,
    get_time text,
    date text,
    weekday bigint,
    hour bigint,
    current_popularities text,
    usual_popularities_6 text,
    usual_popularities_7 text,
    usual_popularities_8 text,
    usual_popularities_9 text,
    usual_popularities_10 text,
    usual_popularities_11 text,
    usual_popularities_12 text,
    usual_popularities_13 text,
    usual_popularities_14 text,
    usual_popularities_15 text,
    usual_popularities_16 text,
    usual_popularities_17 text,
    usual_popularities_18 text,
    usual_popularities_19 text,
    usual_popularities_20 text,
    usual_popularities_21 text,
    usual_popularities_22 text,
    usual_popularities_23 text
);


ALTER TABLE public.restaurant_popularities OWNER TO test;

--
-- Name: weather_forecast_day; Type: TABLE; Schema: public; Owner: test
--

CREATE TABLE public.weather_forecast_day (
    latitude double precision,
    longitude double precision,
    date text,
    weather_text text,
    weather_icon text,
    weather_code bigint,
    max_temperature double precision,
    min_temperature double precision,
    average_temperature double precision,
    avgrage_humidity bigint,
    daily_chance_of_rain bigint
);


ALTER TABLE public.weather_forecast_day OWNER TO test;

--
-- Name: weather_forecast_hour; Type: TABLE; Schema: public; Owner: test
--

CREATE TABLE public.weather_forecast_hour (
    latitude double precision,
    longitude double precision,
    date text,
    hour bigint,
    weather_text text,
    weather_icon text,
    weather_code bigint,
    temperature double precision,
    humidity bigint,
    cloud bigint,
    chance_of_rain bigint
);


ALTER TABLE public.weather_forecast_hour OWNER TO test;

--
-- Name: weather_history_day; Type: TABLE; Schema: public; Owner: test
--

CREATE TABLE public.weather_history_day (
    latitude double precision,
    longitude double precision,
    date text,
    weather_text text,
    weather_icon text,
    weather_code bigint,
    max_temperature double precision,
    min_temperature double precision,
    average_temperature double precision,
    avgrage_humidity bigint,
    daily_chance_of_rain bigint
);


ALTER TABLE public.weather_history_day OWNER TO test;

--
-- Name: weather_history_hour; Type: TABLE; Schema: public; Owner: test
--

CREATE TABLE public.weather_history_hour (
    latitude double precision,
    longitude double precision,
    date text,
    hour bigint,
    weather_text text,
    weather_icon text,
    weather_code bigint,
    temperature double precision,
    humidity bigint,
    cloud bigint,
    chance_of_rain bigint
);


ALTER TABLE public.weather_history_hour OWNER TO test;

--
-- Name: yahoomap_crawds; Type: TABLE; Schema: public; Owner: test
--

CREATE TABLE public.yahoomap_crawds (
    get_time text,
    place text,
    date text,
    weekday bigint,
    hour text,
    crawds_level bigint,
    crawds_level_text text,
    current_crawds text
);


ALTER TABLE public.yahoomap_crawds OWNER TO test;

--
-- Name: crawds_time_series_forecast_mock id; Type: DEFAULT; Schema: public; Owner: test
--

ALTER TABLE ONLY public.crawds_time_series_forecast_mock ALTER COLUMN id SET DEFAULT nextval('public.crawds_time_series_forecast_mock_id_seq'::regclass);


--
-- Name: crawds_time_series_history_mock id; Type: DEFAULT; Schema: public; Owner: test
--

ALTER TABLE ONLY public.crawds_time_series_history_mock ALTER COLUMN id SET DEFAULT nextval('public.crawds_time_series_history_mock_id_seq'::regclass);


--
-- Name: event_details id; Type: DEFAULT; Schema: public; Owner: test
--

ALTER TABLE ONLY public.event_details ALTER COLUMN id SET DEFAULT nextval('public.event_details_id_seq'::regclass);


--
-- Name: news id; Type: DEFAULT; Schema: public; Owner: postgres
--

ALTER TABLE ONLY public.news ALTER COLUMN id SET DEFAULT nextval('public.news_id_seq'::regclass);


--
-- Name: place_location id; Type: DEFAULT; Schema: public; Owner: test
--

ALTER TABLE ONLY public.place_location ALTER COLUMN id SET DEFAULT nextval('public.place_location_id_seq'::regclass);


--
-- Data for Name: crawds_from_shopping_map; Type: TABLE DATA; Schema: public; Owner: test
--

COPY public.crawds_from_shopping_map (day, hour, color, val) FROM stdin;
\.


--
-- Data for Name: crawds_time_series_forecast; Type: TABLE DATA; Schema: public; Owner: test
--

COPY public.crawds_time_series_forecast (google_place_id, restaurant_name, date, hour, crawded_indicator, weather_text, weather_icon, weather_code, temperature, event_ariake_arena, hour_by_event_start_ariake_arena, number_of_people_ariake_arena, max_price_ariake_arena, min_price_ariake_arena, music_event_ariake_arena, sport_event_ariake_arena, theater_event_ariake_arena, business_event_ariake_arena, for_young_event_ariake_arena, for_family_event_ariake_arena, for_woman_event_ariake_arena) FROM stdin;
\.


--
-- Data for Name: crawds_time_series_forecast_mock; Type: TABLE DATA; Schema: public; Owner: test
--

COPY public.crawds_time_series_forecast_mock (id, google_place_id, restaurant_name, date, hour, crawds_indicator, weather_text, weather_icon, weather_code, temperature, event_ariake_arena, hour_by_event_start_ariake_arena, number_of_people_ariake_arena, max_price_ariake_arena, min_price_ariake_arena, music_event_ariake_arena, sport_event_ariake_arena, theater_event_ariake_arena, business_event_ariake_arena, for_young_event_ariake_arena, for_family_event_ariake_arena, for_woman_event_ariake_arena) FROM stdin;
\.


--
-- Data for Name: crawds_time_series_history; Type: TABLE DATA; Schema: public; Owner: test
--

COPY public.crawds_time_series_history (google_place_id, restaurant_name, date, hour, crawded_indicator, weather_text, weather_icon, weather_code, temperature, event_ariake_arena, hour_by_event_start_ariake_arena, number_of_people_ariake_arena, max_price_ariake_arena, min_price_ariake_arena, music_event_ariake_arena, sport_event_ariake_arena, theater_event_ariake_arena, business_event_ariake_arena, for_young_event_ariake_arena, for_family_event_ariake_arena, for_woman_event_ariake_arena) FROM stdin;
\.


--
-- Data for Name: crawds_time_series_history_mock; Type: TABLE DATA; Schema: public; Owner: test
--

COPY public.crawds_time_series_history_mock (id, google_place_id, restaurant_name, date, hour, crawds_indicator, weather_text, weather_icon, weather_code, temperature, event_ariake_arena, hour_by_event_start_ariake_arena, number_of_people_ariake_arena, max_price_ariake_arena, min_price_ariake_arena, music_event_ariake_arena, sport_event_ariake_arena, theater_event_ariake_arena, business_event_ariake_arena, for_young_event_ariake_arena, for_family_event_ariake_arena, for_woman_event_ariake_arena) FROM stdin;
20732	ChIJdd4q9VxcGGARp_b_tiEEMJI	J PASTA みなとみらいクイーンズスクエア横浜店	2024-12-28	13	75	\N	\N	\N	\N	\N	\N	\N	\N	\N	\N	\N	\N	\N	\N	\N	\N
20716	ChIJg64F5VxcGGAR8QqNR9vG1oo	シェイクシャック みなとみらい	2024-12-28	11	33.56	\N	\N	\N	\N	\N	\N	\N	\N	\N	\N	\N	\N	\N	\N	\N	\N
20717	ChIJg64F5VxcGGAR8QqNR9vG1oo	シェイクシャック みなとみらい	2024-12-28	12	53.54	\N	\N	\N	\N	\N	\N	\N	\N	\N	\N	\N	\N	\N	\N	\N	\N
20718	ChIJg64F5VxcGGAR8QqNR9vG1oo	シェイクシャック みなとみらい	2024-12-28	13	63.9	\N	\N	\N	\N	\N	\N	\N	\N	\N	\N	\N	\N	\N	\N	\N	\N
20719	ChIJg64F5VxcGGAR8QqNR9vG1oo	シェイクシャック みなとみらい	2024-12-28	14	66.12	\N	\N	\N	\N	\N	\N	\N	\N	\N	\N	\N	\N	\N	\N	\N	\N
20720	ChIJg64F5VxcGGAR8QqNR9vG1oo	シェイクシャック みなとみらい	2024-12-28	15	63.9	\N	\N	\N	\N	\N	\N	\N	\N	\N	\N	\N	\N	\N	\N	\N	\N
20721	ChIJg64F5VxcGGAR8QqNR9vG1oo	シェイクシャック みなとみらい	2024-12-28	16	66.12	\N	\N	\N	\N	\N	\N	\N	\N	\N	\N	\N	\N	\N	\N	\N	\N
20722	ChIJg64F5VxcGGAR8QqNR9vG1oo	シェイクシャック みなとみらい	2024-12-28	17	61.68	\N	\N	\N	\N	\N	\N	\N	\N	\N	\N	\N	\N	\N	\N	\N	\N
20723	ChIJg64F5VxcGGAR8QqNR9vG1oo	シェイクシャック みなとみらい	2024-12-28	18	53.54	\N	\N	\N	\N	\N	\N	\N	\N	\N	\N	\N	\N	\N	\N	\N	\N
20724	ChIJg64F5VxcGGAR8QqNR9vG1oo	シェイクシャック みなとみらい	2024-12-28	19	42.44	\N	\N	\N	\N	\N	\N	\N	\N	\N	\N	\N	\N	\N	\N	\N	\N
20725	ChIJg64F5VxcGGAR8QqNR9vG1oo	シェイクシャック みなとみらい	2024-12-28	20	33.56	\N	\N	\N	\N	\N	\N	\N	\N	\N	\N	\N	\N	\N	\N	\N	\N
20726	ChIJg64F5VxcGGAR8QqNR9vG1oo	シェイクシャック みなとみらい	2024-12-28	21	22.45	\N	\N	\N	\N	\N	\N	\N	\N	\N	\N	\N	\N	\N	\N	\N	\N
20730	ChIJdd4q9VxcGGARp_b_tiEEMJI	J PASTA みなとみらいクイーンズスクエア横浜店	2024-12-28	11	16.54	\N	\N	\N	\N	\N	\N	\N	\N	\N	\N	\N	\N	\N	\N	\N	\N
20731	ChIJdd4q9VxcGGARp_b_tiEEMJI	J PASTA みなとみらいクイーンズスクエア横浜店	2024-12-28	12	50.58	\N	\N	\N	\N	\N	\N	\N	\N	\N	\N	\N	\N	\N	\N	\N	\N
20733	ChIJdd4q9VxcGGARp_b_tiEEMJI	J PASTA みなとみらいクイーンズスクエア横浜店	2024-12-28	14	69.08	\N	\N	\N	\N	\N	\N	\N	\N	\N	\N	\N	\N	\N	\N	\N	\N
20734	ChIJdd4q9VxcGGARp_b_tiEEMJI	J PASTA みなとみらいクイーンズスクエア横浜店	2024-12-28	15	53.54	\N	\N	\N	\N	\N	\N	\N	\N	\N	\N	\N	\N	\N	\N	\N	\N
20735	ChIJdd4q9VxcGGARp_b_tiEEMJI	J PASTA みなとみらいクイーンズスクエア横浜店	2024-12-28	16	47.62	\N	\N	\N	\N	\N	\N	\N	\N	\N	\N	\N	\N	\N	\N	\N	\N
20736	ChIJdd4q9VxcGGARp_b_tiEEMJI	J PASTA みなとみらいクイーンズスクエア横浜店	2024-12-28	17	40.96	\N	\N	\N	\N	\N	\N	\N	\N	\N	\N	\N	\N	\N	\N	\N	\N
20737	ChIJdd4q9VxcGGARp_b_tiEEMJI	J PASTA みなとみらいクイーンズスクエア横浜店	2024-12-28	18	35.04	\N	\N	\N	\N	\N	\N	\N	\N	\N	\N	\N	\N	\N	\N	\N	\N
20738	ChIJdd4q9VxcGGARp_b_tiEEMJI	J PASTA みなとみらいクイーンズスクエア横浜店	2024-12-28	19	29.12	\N	\N	\N	\N	\N	\N	\N	\N	\N	\N	\N	\N	\N	\N	\N	\N
20739	ChIJdd4q9VxcGGARp_b_tiEEMJI	J PASTA みなとみらいクイーンズスクエア横浜店	2024-12-28	20	19.5	\N	\N	\N	\N	\N	\N	\N	\N	\N	\N	\N	\N	\N	\N	\N	\N
20740	ChIJdd4q9VxcGGARp_b_tiEEMJI	J PASTA みなとみらいクイーンズスクエア横浜店	2024-12-28	21	13.58	\N	\N	\N	\N	\N	\N	\N	\N	\N	\N	\N	\N	\N	\N	\N	\N
\.


--
-- Data for Name: event_details; Type: TABLE DATA; Schema: public; Owner: test
--

COPY public.event_details (id, name, sub_title, place, actor, date, open_time, start_time, close_time, time_original, max_price, min_price, price_text, link, inquiry, detail, num_of_people, input_table, input_table_rec_id) FROM stdin;
2371	蒼井翔太 LIVE 2024	蒼井翔太 LIVE 2024 WONDER lab. Collage	パシフィコ横浜[国立大ホール]	\N	2024-12-28	13:30	14:30	\N	\N	9900	9900	\N	https://www.shouta-aoi.jp/live/	キョードー横浜  045-671-9911	\N	\N	manual	\N
2372	福山雅治	福山☆冬の大感謝祭 其の二十二 GUITAR HERO That’s what I live for	Kアリーナ	\N	2024-12-28	14:30	16:00	\N	\N	15500	8000	\N	https://k-arena.com/schedule/20241228-1/	キョードー横浜  045-671-9911	\N	\N	manual	\N
2374	Perfume	Perfume 10th Tour ZOZ5 "ネビュラロマンス" Episode 1	ぴあアリーナMM	\N	2024-12-28	18:00	19:00	\N	\N	12500	12500	\N	https://www.perfume-web.jp/20x25-anniversary/tour/	ホットスタッフ・プロモーション　050-5211-6077(平日12:00〜18:00)	\N	\N	manual	\N
\.


--
-- Data for Name: news; Type: TABLE DATA; Schema: public; Owner: postgres
--

COPY public.news (id, place, date, news, link) FROM stdin;
1	Hi-NODE	2024-12-25	2025年1月利用制限予定について	https://hi-node.jp/news/1248/
\.


--
-- Data for Name: place_location; Type: TABLE DATA; Schema: public; Owner: test
--

COPY public.place_location (id, name, category, google_place_id, latitude, longitude, list_table, detail_table) FROM stdin;
\.


--
-- Data for Name: restaurant_details; Type: TABLE DATA; Schema: public; Owner: test
--

COPY public.restaurant_details (google_place_id, name, location_name, description, rating, price_level, latitude, longitude, address, phone_number, day0_opentime, day0_closetime, day1_opentime, day1_closetime, day2_opentime, day2_closetime, day3_opentime, day3_closetime, day4_opentime, day4_closetime, day5_opentime, day5_closetime, day6_opentime, day6_closetime) FROM stdin;
ChIJg64F5VxcGGAR8QqNR9vG1oo	シェイクシャック みなとみらい	みなとみらい東急スクエア	カウンターで注文するお洒落なグルメチェーン店。ハンバーガーからフローズン カスタードまで、ファストフードの定番を楽しめる。	4	3	35.4559879	139.632676	日本、〒220-0012 神奈川県横浜市西区みなとみらい２丁目３−２ 東急スクエア① ２F	045-232-4032	1100	2130	1100	2130	1100	2130	1100	2130	1100	2130	1100	2130	1100	2130
ChIJdd4q9VxcGGARp_b_tiEEMJI	J PASTA みなとみらいクイーンズスクエア横浜店	みなとみらい東急スクエア		3.6	2	35.4560329	139.63396	日本、〒220-8190 神奈川県横浜市西区みなとみらい２丁目３−９ みなとみらい東急スクエア2 2F クイーンズスクエア	045-641-6336	1100	2100	1100	2100	1100	1500	1700	2100	1100	2100	1100	2100	1100	2100
\.


--
-- Data for Name: restaurant_popularities; Type: TABLE DATA; Schema: public; Owner: test
--

COPY public.restaurant_popularities (google_place_id, location_name, restaurant_name, get_time, date, weekday, hour, current_popularities, usual_popularities_6, usual_popularities_7, usual_popularities_8, usual_popularities_9, usual_popularities_10, usual_popularities_11, usual_popularities_12, usual_popularities_13, usual_popularities_14, usual_popularities_15, usual_popularities_16, usual_popularities_17, usual_popularities_18, usual_popularities_19, usual_popularities_20, usual_popularities_21, usual_popularities_22, usual_popularities_23) FROM stdin;
\.


--
-- Data for Name: weather_forecast_day; Type: TABLE DATA; Schema: public; Owner: test
--

COPY public.weather_forecast_day (latitude, longitude, date, weather_text, weather_icon, weather_code, max_temperature, min_temperature, average_temperature, avgrage_humidity, daily_chance_of_rain) FROM stdin;
\.


--
-- Data for Name: weather_forecast_hour; Type: TABLE DATA; Schema: public; Owner: test
--

COPY public.weather_forecast_hour (latitude, longitude, date, hour, weather_text, weather_icon, weather_code, temperature, humidity, cloud, chance_of_rain) FROM stdin;
\.


--
-- Data for Name: weather_history_day; Type: TABLE DATA; Schema: public; Owner: test
--

COPY public.weather_history_day (latitude, longitude, date, weather_text, weather_icon, weather_code, max_temperature, min_temperature, average_temperature, avgrage_humidity, daily_chance_of_rain) FROM stdin;
\.


--
-- Data for Name: weather_history_hour; Type: TABLE DATA; Schema: public; Owner: test
--

COPY public.weather_history_hour (latitude, longitude, date, hour, weather_text, weather_icon, weather_code, temperature, humidity, cloud, chance_of_rain) FROM stdin;
\.


--
-- Data for Name: yahoomap_crawds; Type: TABLE DATA; Schema: public; Owner: test
--

COPY public.yahoomap_crawds (get_time, place, date, weekday, hour, crawds_level, crawds_level_text, current_crawds) FROM stdin;
\.


--
-- Name: crawds_time_series_forecast_mock_id_seq; Type: SEQUENCE SET; Schema: public; Owner: test
--

SELECT pg_catalog.setval('public.crawds_time_series_forecast_mock_id_seq', 3625, true);


--
-- Name: crawds_time_series_history_mock_id_seq; Type: SEQUENCE SET; Schema: public; Owner: test
--

SELECT pg_catalog.setval('public.crawds_time_series_history_mock_id_seq', 20741, true);


--
-- Name: event_details_id_seq; Type: SEQUENCE SET; Schema: public; Owner: test
--

SELECT pg_catalog.setval('public.event_details_id_seq', 2374, true);


--
-- Name: news_id_seq; Type: SEQUENCE SET; Schema: public; Owner: postgres
--

SELECT pg_catalog.setval('public.news_id_seq', 1, true);


--
-- Name: place_location_id_seq; Type: SEQUENCE SET; Schema: public; Owner: test
--

SELECT pg_catalog.setval('public.place_location_id_seq', 5, true);


--
-- Name: crawds_time_series_forecast_mock crawds_time_series_forecast_mock_pkey; Type: CONSTRAINT; Schema: public; Owner: test
--

ALTER TABLE ONLY public.crawds_time_series_forecast_mock
    ADD CONSTRAINT crawds_time_series_forecast_mock_pkey PRIMARY KEY (id);


--
-- Name: crawds_time_series_history_mock crawds_time_series_history_mock_pkey; Type: CONSTRAINT; Schema: public; Owner: test
--

ALTER TABLE ONLY public.crawds_time_series_history_mock
    ADD CONSTRAINT crawds_time_series_history_mock_pkey PRIMARY KEY (id);


--
-- Name: event_details event_details_name_place_date_start_time_key; Type: CONSTRAINT; Schema: public; Owner: test
--

ALTER TABLE ONLY public.event_details
    ADD CONSTRAINT event_details_name_place_date_start_time_key UNIQUE (name, place, date, start_time);


--
-- Name: event_details event_details_pkey; Type: CONSTRAINT; Schema: public; Owner: test
--

ALTER TABLE ONLY public.event_details
    ADD CONSTRAINT event_details_pkey PRIMARY KEY (id);


--
-- Name: news news_pkey; Type: CONSTRAINT; Schema: public; Owner: postgres
--

ALTER TABLE ONLY public.news
    ADD CONSTRAINT news_pkey PRIMARY KEY (id);


--
-- Name: TABLE news; Type: ACL; Schema: public; Owner: postgres
--

GRANT ALL ON TABLE public.news TO test WITH GRANT OPTION;


--
-- Name: DEFAULT PRIVILEGES FOR TABLES; Type: DEFAULT ACL; Schema: -; Owner: postgres
--

ALTER DEFAULT PRIVILEGES FOR ROLE postgres GRANT ALL ON TABLES TO test WITH GRANT OPTION;


--
-- PostgreSQL database dump complete
--

